studbook_id,slug,wiki_born,wiki_died,isb_birth,isb_birth_norm,isb_approx,isb_sex,isb_taxon,isb_name,isb_sire,isb_dam,isb_death
0008,lum-2000-06-04,2000-06-04,2019-10-01,4 Jun 2000,2000-06-04,False,M,styani,,9095,9708,
00102,buna-2000-07-17,2000-07-17,2023-10-27,17 Jul 2000,2000-07-17,False,M,styani,BUNA,9598,96109,
00103,nara-2000-07-17,2000-07-17,2012-03-18,17 Jul 2000,2000-07-17,False,F,styani,NARA,9598,96109,
00109,gou-2000-06-19,2000-06-19,2018-04-29,29 Jun 2000,2000-06-29,False,M,styani,GOU,9270,9799,
00150,kinta-2000-06-08,2000-06-08,2018-06-11,8 Jun 2000,2000-06-08,False,F,styani,KINTA,UNK,UNK,
0083,kousei-2000-06-23,2000-06-23,2017-04-16,23 Jun 2000,2000-06-23,False,F,styani,JAZGA,9446,97100,
0084,franz-2000-06-23,2000-06-23,2016-03-08,23 Jun 2000,2000-06-23,False,F,styani,JAZGA,9446,97100,
0085,koko-2000-06-23,2000-06-23,2017-07-05,25 Jun 2000,2000-06-25,False,M,styani,KOKO,9052,9787,
0086,seina-2000-06-23,2000-06-23,2017-02-17,25 Jun 2000,2000-06-25,False,F,styani,SEINA,9052,9787,
0087,kousei-2000-06-27,2000-06-27,2018-04-03,27 Jun 2000,2000-06-27,False,M,styani,KOUSEI,93111,9788,
0088,lala-2000-06-27,2000-06-27,2015-02-02,27 Jun 2000,2000-06-27,False,F,styani,RARA,93111,9788,
0089,shin-shin-2000-06-30,2000-06-30,2002,30 Jun 2000,2000-06-30,False,M,styani,SINSUN,8977,9444,
0096,kiki-2000-07-04,2000-07-04,2019-06-25,4 Jul 2000,2000-07-04,False,M,styani,KIKI,95122,9280,
0097,lala-2000-07-04,2000-07-04,2013-12-03,4 Jul 2000,2000-07-04,False,F,styani,LALA,95122,9280,
0098,kashi-2000-07-13,2000-07-13,2001-09-08,13 Jul 2000,2000-07-13,False,M,styani,KASHI,9598,95114,2001-09-08
0099,shii-2000-07-13,2000-07-13,2020-01-19,13 Jul 2000,2000-07-13,False,M,styani,SHII,9598,95114,
01100,chip-2001-06-19,2001-06-19,2009-09-10,19 Jun 2001,2001-06-19,False,M,styani,TIP,9446,97100,
01101,dale-2001-06-19,2001-06-19,2019-08-02,19 Jun 2001,2001-06-19,False,F,styani,JAZGA,9446,97100,
01103,shun-shun-2001-06-28,2001-06-28,2016-12-30,28 Jun 2001,2001-06-28,False,M,styani,JUN-JUN,9185,9256,
01108,nyan-nyan-2001-07-09,2001-07-09,2013-08-20,9 Jul 2001,2001-07-09,False,F,styani,JAZGA,9254,9171,
01109,nana-2001-07-13,2001-07-13,2018-02-09,13 Jul 2001,2001-07-13,False,F,styani,NANA,97111,93107,
01110,hana-2001-07-13,2001-07-13,,13 Jul 2001,2001-07-13,False,F,styani,,97111,93107,
01111,toku-toku-2001-07-21,2001-07-21,2008-02-04,21 Jul 2001,2001-07-21,False,M,styani,TOKU-TOKU JAZGA,8856,9488,2008-02-04
01112,shuu-shuu-2001-07-21,2001-07-21,2015-12-27,21 Jul 2001,2001-07-21,False,M,styani,SHYUSHU,8856,9488,
01113,tochi-2001-07-24,2001-07-24,2019-04-05,24 Jul 2001,2001-07-24,False,F,styani,TOTHI,9598,96109,
01114,tan-tan-2001-06-19,2001-06-19,2015-07-22,19 Jun 2001,2001-06-19,False,M,styani,TAN-TAN,9498,95123,
01115,rin-rin-2001-06-19,2001-06-19,2023-09-22,19 Jun 2001,2001-06-19,False,F,styani,RIN-RIN,9498,95123,
0204,sophia-2002-06-20,2002-06-20,2019-10-01,20 Jun 2002,2002-06-20,False,F,fulgens,,9339,9241,
0256,porin-2002-06-15,2002-06-15,2016-08-24,15 Jun 2002,2002-06-15,False,F,styani,PORIN,9446,97100,
0257,tran-2002-06-15,2002-06-15,2017-02-02,15 Jun 2002,2002-06-15,False,F,styani,PORRIN,9446,97100,
0258,shaoen-2002-06-20,2002-06-20,2008-12-31,20 Jun 2002,2002-06-20,False,M,styani,SHAOEN,9791,9988,
0259,rouge-2002-06-20,2002-06-20,2019-12-30,20 Jun 2002,2002-06-20,False,F,styani,TYA-HOHU,9791,9988,
0261,you-you-2002-06-21,2002-06-21,2022-08-17,21 Jun 2002,2002-06-21,False,F,styani,YUYU,9792,UNK,
0262,fin-fin-2002-06-20,2002-06-20,2018-02-06,20 Jun 2002,2002-06-20,False,F,styani,TANPOPO,9997,9991,
0263,umi-2002-06-24,2002-06-24,2014-06-29,24 Jun 2002,2002-06-24,False,M,styani,JAZGA,9593,9994,
0265,chata-2002-06-25,2002-06-25,2014-12-18,25 Jun 2002,2002-06-25,False,M,styani,JAZGA,UNK,9788,
0269,ron-ron-2002-06-28,2002-06-28,2021-12-13,28 Jun 2002,2002-06-28,False,M,styani,JAZGA,9998,9992,
0270,kirara-2002-06-29,2002-06-29,2013-04-23,29 Jun 2002,2002-06-29,False,F,styani,JAZGA,UNK,UNK,
0271,shin-fa-2002-06-29,2002-06-29,2008-10-05,29 Jun 2002,2002-06-29,False,F,styani,SHI-NHOWA JAZGA,8977,9445,2008-10-05
0274,tashan-2002-07-01,2002-07-01,2022-10-06,1 Jul 2002,2002-07-01,False,M,styani,TA-REI,9791,9989,
0275,tarrei-2002-07-01,2002-07-01,2021-12-20,1 Jul 2002,2002-07-01,False,M,styani,TARREI,9791,9989,
0276,katsuo-2002-07-02,2002-07-02,2010-11-30,2 Jul 2002,2002-07-02,False,M,styani,KATSUO,98024,9696,
0277,maguro-2002-07-02,2002-07-02,2007-08-05,2 Jul 2002,2002-07-02,False,M,styani,MAGURO,98024,9696,2007-08-05
0278,ramy-2002-07-12,2002-07-12,2016-11-01,12 Jul 2002,2002-07-12,False,M,styani,RAMY,9596,96108,
0279,nono-2002-07-15,2002-07-15,2017-05-08,15 Jul 2002,2002-07-15,False,M,styani,NONO,97111,93107,
0280,nami-2002-07-15,2002-07-15,2023-09-04,15 Jul 2002,2002-07-15,False,F,styani,NAMI,97111,93107,
0283,suika-2002-08-04,2002-08-04,2016-02-03,4 Aug 2002,2002-08-04,False,M,styani,SUIKA,9598,UNK,
0293,min-min-2002-07-17,2002-07-17,2022-02-13,17 Jul 2002,2002-07-17,False,M,styani,JAZGA,95122,9280,
0294,aiai-2002-07-17,2002-07-17,2022-01-04,17 Jul 2002,2002-07-17,False,F,styani,JAZGA,95122,9280,
0304,rufus-2003-06-18,2003-06-18,,18 Jun 2003,2003-06-18,False,M,styani,,0094,0095,
0360,non-non-2003-06-16,2003-06-16,2021-04-01,16 Jun 2003,2003-06-16,False,M,styani,NON-NON,9052,9787,
0361,chi-chi-2003-06-16,2003-06-16,2015-07-18,16 Jun 2003,2003-06-16,False,F,styani,TYI-TYI,9052,9787,
0363,mei-2003-06-21,2003-06-21,2006-08-26,21 Jun 2003,2003-06-21,False,F,styani,MEI,0085,0086,2006-08-26
0366,futa-2003-07-05,2003-07-05,,5 Jul 2003,2003-07-05,False,M,styani,FUUTA,9794,00103,
0368,chatarou-2003-06-26,2003-06-26,2016-10-27,26 Jun 2003,2003-06-26,False,M,styani,JAZGA,9997,9991,
0369,kitarou-2003-06-26,2003-06-26,2019-08-06,26 Jun 2003,2003-06-26,False,M,styani,KITARO,9997,9991,
0370,kou-kou-2003-07-15,2003-07-15,2025-03-16,15 Jul 2003,2003-07-15,False,M,styani,KOU-KOU,95122,9486,
0371,yuuki-2003-07-15,2003-07-15,2019-07-01,15 Jul 2003,2003-07-15,False,M,styani,YUUKI,95122,9486,
0372,shin-shin-2003-07-15,2003-07-15,2013-04-07,15 Jul 2003,2003-07-15,False,M,styani,SHIN-SHIN JAZGA,95122,9486,
0375,non-2003-07-25,2003-07-25,2025,25 Jul 2003,2003-07-25,False,M,styani,JAZGA,97111,93107,
0386,taiyo-2003-07-03,2003-07-03,2017-03-04,3 Jul 2003,2003-07-03,False,M,styani,JAZGA,9792,98034,
0412,malikha-2004-06-08,2004-06-08,2016-02-21,8 Jun 2004,2004-06-08,False,F,styani,,9383,0020,
0413,harold-2004-06-08,2004-06-08,2016-05-31,8 Jun 2004,2004-06-08,False,M,styani,,9383,0020,
0437,dusk-2004-06-02,2004-06-02,2023-01-10,2 Jun 2004,2004-06-02,False,M,styani,,0094,0095,
0457,gaia-2004-06-10,2004-06-10,2025-11-20,10 Jun 2004,2004-06-10,False,M,styani,JAZGA,9446,97100,
0458,koai-2004-06-10,2004-06-10,,10 Jun 2004,2004-06-10,False,F,styani,KO-I,9446,97100,
0459,sakura-2004-06-17,2004-06-17,2024-03-08,17 Jun 2004,2004-06-17,False,F,styani,JAZGA,9997,9991,
0460,sumire-2004-06-17,2004-06-17,2026,17 Jun 2004,2004-06-17,False,F,styani,JAZGA,9997,9991,
0461,ren-2004-06-17,2004-06-17,2016-05-14,17 Jun 2004,2004-06-17,False,M,styani,REN,0096,0086,
0462,chao-2004-06-17,2004-06-17,2012-12-04,17 Jun 2004,2004-06-17,False,M,styani,TYAO,0096,0086,
0463,nana-2004-06-17,2004-06-17,2008-11-27,17 Jun 2004,2004-06-17,False,F,styani,NANA,0096,0086,2008-11-27
0464,aporo-2004-06-28,2004-06-28,2023-04-03,28 Jun 2004,2004-06-28,False,M,,APORO,9998,9992,
0465,luna-2004-06-28,2004-06-28,2022-01-18,28 Jun 2004,2004-06-28,False,F,,RUNA,9998,9992,
0467,toro-2004-06-29,2004-06-29,2022-01-05,29 Jun 2004,2004-06-29,False,M,styani,TORO,0277,0256,
0468,lala-2004-06-29,2004-06-29,,29 Jun 2004,2004-06-29,False,F,,RARA,0277,0256,
0469,shi-ren-2004-06-29,2004-06-29,,29 Jun 2004,2004-06-29,False,M,styani,SHI-REN,9791,9989,
0470,foa-foa-2004-06-29,2004-06-29,2022-07-29,29 Jun 2004,2004-06-29,False,F,styani,FOA-FOA,9791,9989,
0471,luli-2004-06-29,2004-06-29,2019-10-01,29 Jun 2004,2004-06-29,False,F,,PI-PA,8977,9444,
0477,konta-2004-07-10,2004-07-10,2014-08-05,10 Jul 2004,2004-07-10,False,M,styani,TARA,98024,9696,
0480,riku-2004-07-13,2004-07-13,2015-11-08,13 Jul 2004,2004-07-13,False,M,styani,RIKU,95107,UNK,
0482,ichi-2004-07-23,2004-07-23,2021-11-17,23 Jul 2004,2004-07-23,False,M,styani,JAZGA,9598,96109,
0483,matsu-2004-07-23,2004-07-23,2016-11-27,23 Jul 2004,2004-07-23,False,M,styani,JAZGA,9598,96109,
0500,rusty-2005-05-16,2005-05-16,2023-06-09,16 May 2005,2005-05-16,False,F,styani,,0094,0095,
0501,rover-2005-05-16,2005-05-16,2015-11-23,16 May 2005,2005-05-16,False,M,styani,,0094,0095,
0502,qin-2005-06-23,2005-06-23,2019-04-15,23 Jun 2005,2005-06-23,False,M,styani,,0275,0257,
0547,shan-tou-2005-05-10,2005-05-10,2015-11-12,10 May 2005,2005-05-10,False,F,styani,SHAN TOU,9791,9988,
0550,hao-2005-06-14,2005-06-14,2019-12-30,14 Jun 2005,2005-06-14,False,M,styani,JAZGA,0277,0271,
0551,hana-2005-06-21,2005-06-21,2023-02-23,21 Jun 2005,2005-06-21,False,F,styani,HANA,9997,9991,
0552,kirara-2005-06-23,2005-06-23,2016-02-01,23 Jun 2005,2005-06-23,False,F,styani,KIRARA,0096,9787,
0553,ron-2005-06-23,2005-06-23,2021-02-16,23 Jun 2005,2005-06-23,False,M,styani,RYU,0096,9787,
0554,seita-2005-06-23,2005-06-23,2024-11-30,23 Jun 2005,2005-06-23,False,M,styani,SEITA,0096,9787,
0555,yukiko-2005-06-23,2005-06-23,2021-10-27,23 Jun 2005,2005-06-23,False,M,styani,TAKE,0276,0256,
0556,noko-2005-06-23,2005-06-23,2010-12-25,23 Jun 2005,2005-06-23,False,M,styani,NOKO,0276,0256,
0557,rinta-2005-06-25,2005-06-25,2009-07-14,25 Jun 2005,2005-06-25,False,M,styani,JAZGA,98035,0280,
0558,raichi-2005-06-25,2005-06-25,2026-01-29,25 Jun 2005,2005-06-25,False,M,styani,JAZGA,98035,0280,
0559,taichi-2005-07-01,2005-07-01,2025-04-30,1 Jul 2005,2005-07-01,False,M,styani,TAICHI,9792,98034,
0570,an-an-2005-07-07,2005-07-07,2017-11-28,7 Jul 2005,2005-07-07,False,F,styani,ANAN,95107,01109,
0571,ma-ma-2005-07-07,2005-07-07,2022-06-29,7 Jul 2005,2005-07-07,False,F,styani,MA-MA,95107,01109,
0573,kotarou-2005-07-08,2005-07-08,2026-07-29,8 Jul 2005,2005-07-08,False,M,styani,KOTAROU,00102,0261,
0574,ten-ten-2005-07-12,2005-07-12,2014-10-07,12 Jul 2005,2005-07-12,False,M,styani,TENTEN,9998,9992,
0604,big-george-2006-06-07,2006-06-07,2014-05-25,7 Jun 2006,2006-06-07,False,M,styani,,0275,0257,
0605,idgie-2006-06-07,2006-06-07,2020-04-02,7 Jun 2006,2006-06-07,False,F,styani,,0275,0257,
0660,ribbon-2006-05-30,2006-05-30,2022-09-27,30 May 2006,2006-05-30,False,F,styani,JAZG,9590,0084,
0662,yuuta-2006-06-02,2006-06-02,2022-05-23,2 Jun 2006,2006-06-02,False,M,styani,YUUTA,0366,0361,
0663,fuuka-2006-06-02,2006-06-02,,2 Jun 2006,2006-06-02,False,F,styani,FUUKA,0366,0361,
0665,aya-2006-06-05,2006-06-05,2016-10-06,5 Jun 2006,2006-06-05,False,F,styani,AYA,0263,0362,
0668,kokoro-2006-06-20,2006-06-20,2021-06-14,20 Jun 2006,2006-06-20,False,F,styani,JAZG,0096,0086,
0669,airi-2006-06-20,2006-06-20,2026-05-06,20 Jun 2006,2006-06-20,False,F,styani,JAZG,0096,0086,
0670,kotarou-2006-06-22,2006-06-22,2016-01-04,22 Jun 2006,2006-06-22,False,M,styani,KOTAROU,9997,9991,
0671,ajisai-2006-06-22,2006-06-22,,22 Jun 2006,2006-06-22,False,F,styani,AZISAI,9997,9991,
0672,min-fa-2006-06-23,2006-06-23,2026-05-19,23 Jun 2006,2006-06-23,False,F,styani,MINFA,0277,0271,
0673,mei-fa-2006-06-23,2006-06-23,2013-09-05,23 Jun 2006,2006-06-23,False,F,styani,MEIFA,0277,0271,
0674,coco-2006-06-24,2006-06-24,2025-11-09,24 Jun 2006,2006-06-24,False,F,styani,KOKO,0276,0256,
0675,nuts-2006-06-24,2006-06-24,2018-11-23,24 Jun 2006,2006-06-24,False,F,styani,NATU,0276,0256,
0676,shuuna-2006-07-04,2006-07-04,,4 Jul 2006,2006-07-04,False,F,,SYUNA,01112,00103,
0680,chao-2006-07-06,2006-07-06,2023-02-18,6 Jul 2006,2006-07-06,False,M,styani,TYAO,01103,9788,
0683,luna-2006-07-10,2006-07-10,2026-02-09,10 Jul 2006,2006-07-10,False,F,styani,JAZG,00102,0261,
0684,ken-ken-2006-07-18,2006-07-18,2022-03-26,18 Jul 2006,2006-07-18,False,M,styani,KENKEN,95122,9280,
0685,sora-2006-08-01,2006-08-01,,1 Aug 2006,2006-08-01,False,M,styani,SORA,9598,96109,
0686,daichi-2006-08-01,2006-08-01,2026-01-04,1 Aug 2006,2006-08-01,False,M,styani,DAICHI,9598,96109,
0702,kayah-2007-06-11,2007-06-11,,11 Jun 2007,2007-06-11,False,F,styani,,9501,0412,
0707,shama-2007-07-01,2007-07-01,2014-08-16,1 Jul 2007,2007-07-01,False,?,fulgens,,0209,9704,
0710,zeyar-2007-06-21,2007-06-21,2013-10-01,21 Jun 2007,2007-06-21,False,?,styani,,0094,0095,
0712,stellar-2007-06-26,2007-06-26,2017-07-11,26 Jun 2007,2007-06-26,False,F,styani,,0085,0097,
0713,cassie-2007-06-26,2007-06-26,,26 Jun 2007,2007-06-26,False,F,styani,,0085,0097,
0760,ren-2007-06-14,2007-06-14,2026-03-29,14 Jun 2007,2007-06-14,False,M,styani,JAZGA,9590,0084,
0761,tekka-2007-06-14,2007-06-14,2015-10-31,14 Jun 2007,2007-06-14,False,M,styani,JAZGA,0277,0256,
0762,maki-2007-06-14,2007-06-14,2017-05-16,14 Jun 2007,2007-06-14,False,F,styani,JAZGA,0277,0256,
0764,rin-rin-2007-06-21,2007-06-21,,21 Jun 2007,2007-06-21,False,M,styani,JAZG,0279,01108,
0767,syurara-2007-06-23,2007-06-23,2016-10-01,23 Jun 2007,2007-06-23,False,M,styani,,01103,0088,
0768,xianchi-2007-06-26,2007-06-26,,26 Jun 2007,2007-06-26,False,M,styani,SANCHI,9791,9988,
0769,shiryu-2007-06-26,2007-06-26,,26 Jun 2007,2007-06-26,False,F,styani,SHIIRYUU,9791,9988,
0770,run-run-2007-06-28,2007-06-28,,28 Jun 2007,2007-06-28,False,M,styani,JAZGA,98024,9991,
0771,mei-mei-2007-06-28,2007-06-28,,28 Jun 2007,2007-06-28,False,F,styani,JAZGA,98024,9991,
0772,shun-shun-2007-07-01,2007-07-01,2011-11-16,1 Jul 2007,2007-07-01,False,M,styani,JAZGA,01111,0262,
0774,fuumi-2007-07-11,2007-07-11,2023-12-14,11 Jul 2007,2007-07-11,False,F,styani,,0366,0361,
0775,furin-2007-07-11,2007-07-11,,11 Jul 2007,2007-07-11,False,F,styani,,0366,0361,
0780,kiki-2007-07-25,2007-07-25,,25 Jul 2007,2007-07-25,False,F,styani,JAZGA,9998,9992,
0782,kokoro-2007-09-06,2007-09-06,2019-07-29,6 Sep 2007,2007-09-06,False,F,styani,KOKORO,0263,0362,
0805,takeo-2008-06-29,2008-06-29,2023-05-10,29 Jun 2008,2008-06-29,False,M,fulgens,,9803,0204,
0806,bailey-2008-06-01,2008-06-01,2019-01-01,1 Jun 2008,2008-06-01,False,F,styani,,0008,0257,
0821,tai-2008-05-26,2008-05-26,2022-09-02,26 May 2008,2008-05-26,False,F,styani,,0085,0097,
0822,pip-2008-05-26,2008-05-26,2020-01-08,26 May 2008,2008-05-26,False,F,styani,,0085,0097,
0826,ralphie-2008-05-25,2008-05-25,,25 May 2008,2008-05-25,False,M,styani,,0304,0259,
0862,marimo-2008-06-24,2008-06-24,,24 Jun 2008,2008-06-24,False,F,styani,MARIMO,97111,9991,
0863,sora-seina-2008-06-16,2008-06-16,2020-11-18,16 Jun 2008,2008-06-16,False,M,styani,SORA,0096,0086,
0864,lala-2008-06-16,2008-06-16,,16 Jun 2008,2008-06-16,False,F,styani,RARA,0096,0086,
0865,kuu-2008-07-03,2008-07-03,2021-02-20,3 Jul 2008,2008-07-03,False,F,styani,KU,01112,00103,
0867,rai-rai-2008-07-01,2008-07-01,2022-02-13,1 Jul 2008,2008-07-01,False,M,styani,RAI-RAI,01103,9788,
0869,chiita-2008-06-27,2008-06-27,,27 Jun 2008,2008-06-27,False,M,styani,KUUTA,0366,0361,
0870,kuuta-2008-06-27,2008-06-27,2020-12-12,27 Jun 2008,2008-06-27,False,M,styani,CHIITA,0366,0361,
0871,kai-2008-06-16,2008-06-16,,16 Jun 2008,2008-06-16,False,M,styani,KAI,98035,0280,
0872,sora-nami-2008-06-16,2008-06-16,,16 Jun 2008,2008-06-16,False,F,styani,SORA,98035,0280,
0873,ren-2008-06-21,2008-06-21,,21 Jun 2008,2008-06-21,False,M,styani,REN,0276,0271,
0874,ruru-2008-06-21,2008-06-21,,21 Jun 2008,2008-06-21,False,F,styani,RURU,0276,0271,
0878,kei-kei-2008,2008,"""?""",31 Jul 2008,2008-07-31,False,M,styani,KEI-KEI,9998,9992,
0879,ai-ai-2008,2008,"""?""",31 Jul 2008,2008-07-31,False,F,styani,AI-AI,9998,9992,
8534,i-i-nagano,,1990-03-19,~ 1983,1983,True,M,styani,JAZGA,WILD,WILD,1990-03-19
8536,mi-mi-1985-06-12,1985-06-12,2003-06-11,12 Jun 1985,1985-06-12,False,F,styani,JAZGA,UNK,8535,2003-06-11
8626,lili-1986-07-05,1986-07-05,1995-10-24,5 Jul 1986,1986-07-05,False,F,styani,JAZGA,8528,8426,2005-12-12
8627,rin-rin-1986-07-05,1986-07-05,2006-03-17,5 Jul 1986,1986-07-05,False,F,styani,JAZGA,8528,8426,1995-10-24
8639,shin-shin-1986,1986,1994-11-01,~ 1984,1984,True,M,styani,JAZGA,WILD,WILD,1994-11-01
8640,sei-sei-1986,1986,2000-09-07,~ 1984,1984,True,F,styani,JAZGA,WILD,WILD,2000-09-07
8713,you-you-1987-07-26,1987-07-26,2007-11-23,26 Jul 1987,1987-07-26,False,M,styani,YOUYOU,8528,8427,2007-11-23
8714,ran-ran-1987-07-26,1987-07-26,2009-06-03,26 Jul 1987,1987-07-26,False,F,styani,RAN-RAN,8528,8427,
8752,yuu-yuu-1987-05-31,1987-05-31,2007-12-19,31 May 1987,1987-05-31,False,M,styani,YUU-YUU,8534,8535,2007-12-19
8753,ai-ai-1987-05-31,1987-05-31,2003-05-13,31 May 1987,1987-05-31,False,F,styani,JAZGA,8534,8535,2003-05-13
8840,rei-1988-06-17,1988-06-17,2008-01-19,17 Jun 1988,1988-06-17,False,F,styani,REI,8534,8535,2008-01-19
8842,kou-kou-1988-06-22,1988-06-22,2008-01-22,22 Jun 1988,1988-06-22,False,M,styani,KOU-KOU,8017,8018,2008-01-22
8844,shin-shin-1988-07-14,1988-07-14,2003-06-15,13 Jul 1988,1988-07-13,False,F,styani,SHIN-SHIN JAZGA,8749,8751,2003-06-15
8845,mu-mu-1988-07-14,1988-07-14,1998-01-03,13 Jul 1988,1988-07-13,False,F,styani,JAZGA,8749,8751,1998-01-03
8915,ten-ten-1989-06-26,1989-06-26,2004-01-30,26 Jun 1989,1989-06-26,False,F,styani,JAZGA,8752,8714,2004-01-30
8916,sui-sui-1989-06-29,1989-06-29,1991-11-08,29 Jun 1989,1989-06-29,False,M,styani,SUI-SUI,8752,8628,1991-11-08
8917,chii-chii-1989-06-30,1989-06-30,1995-12-15,30 Jun 1989,1989-06-30,False,M,styani,JAZGA,8752,8627,1995-12-15
8920,genki-1989-06-30,1989-06-30,1995-09-13,30 Jun 1989,1989-06-30,False,M,styani,GENKI,8534,8535,1995-09-13
8922,rin-rin-1989-06-21,1989-06-21,2007-07-30,21 Jun 1989,1989-06-21,False,F,styani,JAZGA,8639,8640,2007-07-30
8924,pin-pin-1989-06-28,1989-06-28,2008-01-05,28 Jun 1989,1989-06-28,False,M,styani,PIN-PIN,8856,8857,2008-01-05
8925,tarou-1989-07-01,1989-07-01,2009-10-25,1 Jul 1989,1989-07-01,False,M,styani,JAZGA,8713,8753,
8926,aiko-1989-07-01,1989-07-01,2001-01-19,1 Jul 1989,1989-07-01,False,F,styani,JAZGA,8713,8753,2001-01-19
8929,tom-1986,1986,1998-08-02,~ 1987,1987,True,M,styani,TOM,WILD,WILD,1998-08-02
8935,taisyu-1989,1989,2001-11-16,~ 1987,1987,True,M,styani,JAZGA,WILD,WILD,2001-11-16
8936,rin-rin-1989,1989,2008-11-21,~ 1987,1987,True,F,styani,JAZGA,WILD,WILD,2008-11-21
8976,namu-1987,1987,1994-10-15,~ 1987,1987,True,F,styani,NAMU,WILD,WILD,1994-10-15
8977,kuku-1989,1989,2012-07-21,~ 1987,1987,True,M,styani,NANA,WILD,WILD,
9050,mei-mei-1990-06-21,1990-06-21,1999-06-03,21 Jun 1990,1990-06-21,False,F,styani,JAZGA,8935,8936,1999-06-03
9052,yuu-yuu-1990-06-25,1990-06-25,2005-08-16,25 Jun 1990,1990-06-25,False,M,styani,JAZGA,8639,8640,2005-08-16
9054,shin-shin-1990-06-26,1990-06-26,2007-10-25,26 Jun 1990,1990-06-26,False,M,styani,JAZGA,8319,8626,2007-10-25
9055,tai-tai-1990-06-26,1990-06-26,1999-03-27,26 Jun 1990,1990-06-26,False,M,styani,JAZGA,8319,8626,1999-03-27
9056,hana-1990-06-29,1990-06-29,2005-11-10,29 Jun 1990,1990-06-29,False,F,styani,HANA,8752,8714,2005-11-10
9059,jirou-1990-07-06,1990-07-06,2007-08-17,6 Jul 1990,1990-07-06,False,M,styani,JAZGA,8713,8753,2007-08-17
9167,maho-1991-06-06,1991-06-06,1999-05-09,6 Jun 1991,1991-06-06,False,F,styani,MAHO,8713,8535,1999-05-09
9169,chi-chi-1991-06-16,1991-06-16,2009-12-16,16 Jun 1991,1991-06-16,False,F,styani,JAZGA,8856,8915,
9171,chao-chao-1991-06-18,1991-06-18,2013-07-30,18 Jun 1991,1991-06-18,False,F,styani,AKANE,8752,8714,
9172,kaori-1991-06-18,1991-06-18,2003-12-21,18 Jun 1991,1991-06-18,False,F,styani,KAORI,8752,8714,2003-12-21
9177,kusu-1991-06-24,1991-06-24,2015-07-15,24 Jun 1991,1991-06-24,False,M,styani,KUSU,8752,8628,
9179,santa-1991-06-29,1991-06-29,2005-07-28,29 Jun 1991,1991-06-29,False,M,styani,JAZGA,8713,8840,2005-07-28
9183,kozue-1991-07-04,1991-07-04,2009-04-16,4 Jul 1991,1991-07-04,False,F,styani,JAZGA,8924,8838,
9185,chin-chin-1991-07-14,1991-07-14,2009-02-17,14 Jul 1991,1991-07-14,False,M,styani,CHIN-CHIN JAZGA,8856,8857,
9186,suku-suku-1991-07-18,1991-07-18,2009-03-16,18 Jul 1991,1991-07-18,False,F,styani,JAZGA,8935,8936,
9254,yan-yan-1992-06-19,1992-06-19,2010-07-04,19 Jun 1992,1992-06-19,False,M,styani,YOU-YOU,8924,8833,
9255,sai-sai-1992-06-19,1992-06-19,2006-07-01,19 Jun 1992,1992-06-19,False,F,styani,SAISAI,8924,8833,2006-07-01
9256,rin-rin-1992-06-21,1992-06-21,2009-08-20,21 Jun 1992,1992-06-21,False,F,styani,RIN-RIN,9052,8535,
9257,ran-1992-06-21,1992-06-21,2011-08-22,21 Jun 1992,1992-06-21,False,F,styani,RUN,9052,8535,
9258,chun-chun-1992-06-22,1992-06-22,2010-02-18,22 Jun 1992,1992-06-22,False,M,styani,JAZGA,8752,8714,
9259,sabatarou-1992-06-22,1992-06-22,2000-02-18,22 Jun 1992,1992-06-22,False,M,styani,JAZGA,8752,8714,2000-02-18
9261,ten-ten-1992-06-26,1992-06-26,2003-03-11,26 Jun 1992,1992-06-26,False,F,styani,YUU-YUU,8935,8936,2003-11-03
9263,pan-pan-1992-06-27,1992-06-27,2011-01-13,27 Jun 1992,1992-06-27,False,M,styani,PAN-PAN,8856,8915,
9264,ken-ken-1992-07-01,1992-07-01,2001-11-25,1 Jul 1992,1992-07-01,False,M,styani,KENKEN,8713,8840,2001-11-25
9265,kuro-1992-07-01,1992-07-01,2009-11-19,1 Jul 1992,1992-07-01,False,M,styani,KURO,8713,8840,
9266,shiro-1992-07-01,1992-07-01,2006-01-20,1 Jul 1992,1992-07-01,False,M,styani,SIRO,8713,8840,2006-01-20
9268,ryou-1992-07-13,1992-07-13,2013-02-13,13 Jul 1992,1992-07-13,False,M,styani,JAZGA,8924,8838,
9269,kouhei-1992-07-13,1992-07-13,2010-11-26,13 Jul 1992,1992-07-13,False,M,styani,JAZGA,8924,8838,
9271,cha-cha-1992-07-17,1992-07-17,2011-03-25,17 Jul 1992,1992-07-17,False,M,styani,CHA-CHA,8856,8857,
9272,tan-tan-1992-07-17,1992-07-17,1997-01-28,17 Jul 1992,1992-07-17,False,M,styani,TAN-TAN,8856,8857,1997-01-27
9279,jen-jen-1992-08-07,1992-08-07,2009-10-18,7 Aug 1992,1992-08-07,False,M,styani,,8643,8644,
9280,mii-mii-1992-08-07,1992-08-07,2006-11-01,7 Aug 1992,1992-08-07,False,F,styani,MIMI,8643,8644,2006-11-01
93106,souhei-1993-07-11,1993-07-11,1996-01-23,11 Jul 1993,1993-07-11,False,M,styani,JAZGA,8935,8936,1996-01-23
93107,nene-1993-07-11,1993-07-11,2005-10-12,11 Jul 1993,1993-07-11,False,F,styani,NENE,8935,8936,2005-10-12
93108,kun-kun-1993-07-17,1993-07-17,2001-04-21,17 Jul 1993,1993-07-17,False,M,styani,KUN-KUN,8749,8751,2001-04-21
93109,rin-rin-1993-07-17,1993-07-17,2012-10-23,17 Jul 1993,1993-07-17,False,F,styani,RIN-RIN,8749,8751,
93110,shimajirou-1993-07-19,1993-07-19,2003-03-10,19 Jul 1993,1993-07-19,False,M,styani,JAZGA,8924,8838,2003-03-10
93111,takashi-1993-07-19,1993-07-19,2012-09-07,19 Jul 1993,1993-07-19,False,M,styani,TAKASHI,8924,8838,
93115,hisashi-1993-06-30,1993-06-30,2011-08-28,30 Jun 1993,1993-06-30,False,F,styani,JAZGA,8752,8627,
9393,cha-cha-1993-06-27,1993-06-27,2016-02-17,27 Jun 1993,1993-06-27,False,M,styani,CHA-CHA,9052,8535,
9397,rin-rin-1993-06-29,1993-06-29,2013-11-01,29 Jun 1993,1993-06-29,False,F,styani,RIN-RIN,8856,8915,
94102,ton-ton-1994,1994,2016-05-11,~ 1994,1994,True,M,,TON TON,UNK,UNK,
9441,ton-ton-1994-06-17,1994-06-17,2007-12-16,17 Jun 1994,1994-06-17,False,M,styani,JAZGA,9052,8535,2007-12-16
9442,pan-pan-1994-06-17,1994-06-17,2014-01-31,17 Jun 1994,1994-06-17,False,F,styani,,9052,8535,
9444,daura-1994-06-19,1994-06-19,2012-06-11,19 Jun 1994,1994-06-19,False,F,styani,DAURAGIRI JAZGA,9265,8976,
9445,anri-1994-06-19,1994-06-19,2007-12-12,19 Jun 1994,1994-06-19,False,F,styani,ANNAPULUNAJAZGA,9265,8976,2007-12-12
9446,mii-mii-1994-06-26,1994-06-26,2015-03-31,26 Jun 1994,1994-06-26,False,M,styani,,9281,9282,
9449,ron-ron-1994-06-24,1994-06-24,2011-09-06,~ Jun 1994,,True,M,styani,RON-RON,8929,9169,
9486,you-you-1994-07-04,1994-07-04,2011-07-12,4 Jul 1994,1994-07-04,False,F,styani,YUU-YUU,9185,9256,
9493,bau-bau-1994-07-11,1994-07-11,2018-01-02,11 Jul 1994,1994-07-11,False,M,styani,JAZGA,8643,8644,
9498,yon-yon-1994-07-13,1994-07-13,2007-04-19,13 Jul 1994,1994-07-13,False,M,styani,YON-YON,8929,8915,2007-04-19
9501,kachin-1995-05-31,1995-05-31,2011-07-06,31 May 1995,1995-05-31,False,M,styani,,91100,9196,
95102,koro-koro-1995-07-02,1995-07-02,2009-04-04,2 Jul 1995,1995-07-02,False,M,styani,KORO-KORO JAZGA,8935,8936,
95105,marimo-1995-07-04,1995-07-04,2008-02-22,4 Jul 1995,1995-07-04,False,F,styani,JAZGA,9259,9192,2008-02-22
95106,yuu-yuu-1995-07-06,1995-07-06,2012-01-05,6 Jul 1995,1995-07-06,False,M,styani,JAZGA,8929,9280,
95107,jen-jen-1995-07-06,1995-07-06,2005-12-25,6 Jul 1995,1995-07-06,False,M,styani,JAZGA,8929,9280,2005-12-25
95114,mai-1995-07-09,1995-07-09,2016-01-21,9 Jul 1995,1995-07-09,False,F,styani,MAI,9185,9256,
95122,hei-1995-07-18,1995-07-18,2008-01-07,18 Jul 1995,1995-07-18,False,M,styani,HEI,8749,8750,2008-09-07
95123,run-run-1995-07-19,1995-07-19,2007-06-18,19 Jul 1995,1995-07-19,False,F,styani,JAZGA,8935,9261,2007-06-18
9590,ron-ron-1995-06-15,1995-06-15,2007-12-17,15 Jun 1995,1995-06-15,False,M,styani,RON-RON,8929,9397,2007-12-17
9596,tomy-1995-06-24,1995-06-24,2014-06-19,24 Jun 1995,1995-06-24,False,M,styani,TOMY,8924,8838,
9598,ron-ron-1995-06-30,1995-06-30,2011-01-16,30 Jun 1995,1995-06-30,False,M,styani,RON-RON,92137,92136,
96109,banana-1996-08-09,1996-08-09,2013-06-06,9 Aug 1996,1996-08-09,False,F,styani,BANANA,8749,8750,
9694,non-1996-07-05,1996-07-05,2014-10-21,5 Jul 1996,1996-07-05,False,F,styani,JAZGA,9493,9172,
9696,ikura-1996-07-09,1996-07-09,2006-02-12,9 Jul 1996,1996-07-09,False,F,styani,IKURA,9259,9192,2006-02-12
97100,pam-1997-06-26,1997-06-26,2006-03-11,26 Jun 1997,1997-06-26,False,F,styani,PAMU,9498,95123,2006-03-11
97101,mam-1997-06-26,1997-06-26,2002-05-22,26 Jun 1997,1997-06-26,False,F,styani,MAMU,9498,95123,2002-01-24
97102,fuuko-1997-06-30,1997-06-30,2005-11-05,30 Jun 1997,1997-06-30,False,F,styani,JAZGA,9493,9172,2005-11-05
97104,purin-1997-07-02,1997-07-02,2003-08-02,2 Jul 1997,1997-07-02,False,M,styani,PURIN,93112,9280,2003-08-02
97106,ten-ten-1997-07-03,1997-07-03,2008-04-22,3 Jul 1997,1997-07-03,False,M,styani,TEN TEN,9279,9442,2008-04-22
97110,shota-1997-07-12,1997-07-12,2014-02-17,12 Jul 1997,1997-07-12,False,M,styani,JAZGA,8935,8936,
97111,boo-boo-1997-07-13,1997-07-13,2019-11-24,13 Jul 1997,1997-07-13,False,M,styani,BUBU,9185,9256,
97112,momotaro-1997-07-17,1997-07-17,2007-10-14,17 Jul 1997,1997-07-17,False,M,styani,MOMOTAROU JAZGA,9054,8844,2007-10-14
97113,kintarou-1997-07-17,1997-07-17,2019-01-03,17 Jul 1997,1997-07-17,False,M,styani,KINTAROU,9054,8844,
97126,cha-1997-07-27,1997-07-27,2016-03-27,27 Jul 1997,1997-07-27,False,F,styani,JAZGA,9259,9192,
9725,disney-1997-06-25,1997-06-25,2015-02-21,25 Jun 1997,1997-06-25,False,M,fulgens,,8950,9212,
9787,liuxing-1997-06-16,1997-06-16,2007-04-06,16 Jun 1997,1997-06-16,False,F,styani,RYUUSIN,8977,9445,2007-04-06
9788,cha-cha-1997-06-17,1997-06-17,2012-04-07,17 Jun 1997,1997-06-17,False,F,styani,CHA-CHA,92135,9599,
9791,ten-ten-1997-06-18,1997-06-18,2016-07-21,18 Jun 1997,1997-06-18,False,M,styani,JAZGA,8713,9394,
9792,you-you-1997-06-20,1997-06-20,2005-03-31,20 Jun 1997,1997-06-20,False,M,styani,YOYO,9049,93107,2005-03-31
9793,kou-kou-1997-06-20,1997-06-20,2000-01-28,20 Jun 1997,1997-06-20,False,M,styani,KOUKOU,9049,93107,2000-01-28
9794,fu-fu-1997-06-20,1997-06-20,2003-06-12,20 Jun 1997,1997-06-20,False,M,styani,,9049,93107,2003-06-12
98024,tan-tan-1998-06-29,1998-06-29,2007-12-15,29 Jun 1998,1998-06-29,False,M,styani,TANTAN,9049,93107,2007-12-15
98025,ran-ran-1998-06-29,1998-06-29,1999-07-20,29 Jun 1998,1998-06-29,False,F,styani,RANRAN,9049,93107,1999-07-20
98026,kenta-1998,1998,"""?""",29 Jun 1998,1998-06-29,False,M,styani,KENTA,9054,8844,
9803,he-ping-1998-06-19,1998-06-19,2011-12-15,19 Jun 1998,1998-06-19,False,M,fulgens,,9618,9526,
98031,a-ya-1998-07-03,1998-07-03,2016-09-21,3 Jul 1998,1998-07-03,False,F,styani,JAZGA,9493,9172,
98034,fuu-1998-07-04,1998-07-04,2009-10-17,4 Jul 1998,1998-07-04,False,F,styani,HUU-HUU,9449,9492,
98035,ten-ten-1998-07-07,1998-07-07,2014-08-02,7 Jul 1998,1998-07-07,False,M,styani,TEN-TEN,9059,8922,
9823,tae-bo-1998-06-27,1998-06-27,2015-09-22,27 Jun 1998,1998-06-27,False,M,styani,,9381,9380,
9979,mei-mei-1999-06-27,1999-06-27,2017-01-04,27 Jun 1999,1999-06-27,False,M,styani,JAZGA,9254,9171,
9988,rishi-1999-07-08,1999-07-08,2009-03-06,8 Jul 1999,1999-07-08,False,F,styani,JAZGA,8977,9445,
9989,yueshi-1999-07-08,1999-07-08,2014-08-27,8 Jul 1999,1999-07-08,False,F,styani,JAZGA,8977,9445,
9991,fan-fan-1999-07-09,1999-07-09,2022-09-08,9 Jul 1999,1999-07-09,False,F,styani,FANFAN,9258,9174,
9992,rin-rin-1999-07-09,1999-07-09,2014-11-04,9 Jul 1999,1999-07-09,False,F,styani,JAZGA,9258,9174,
9993,baron-1999-07-11,1999-07-11,2011-09-27,11 Jul 1999,1999-07-11,False,M,styani,BARON,9598,96109,
9994,meron-1999-07-11,1999-07-11,2014-06-26,11 Jul 1999,1999-07-11,False,F,styani,MERON,9598,96109,
9995,riku-1999-07-20,1999-07-20,2015-10-12,20 Jul 1999,1999-07-20,False,M,styani,JAZGA,9493,9172,
9996,miku-1999-07-21,1999-07-21,2021-01-22,21 Jul 1999,1999-07-21,False,F,styani,JAZGA,9493,9172,
9997,ryutarou-1999-07-27,1999-07-27,2008-02-04,27 Jul 1999,1999-07-27,False,M,styani,RYUTARO,9049,93107,2009-02-04
9998,ryuunosuke-1999-07-27,1999-07-27,2019-03-12,27 Jul 1999,1999-07-27,False,M,styani,RYUNOSUKE JAZGA,9049,93107,
